resolution,dataset,mod_full_aic,mod_demand_aic,mod_supply_aic
5km,flickr,18888.80644826483,19724.109480530868,18932.107321283966
10km,flickr,10918.491272907646,11460.557145584047,11046.96132309486
25km,flickr,2844.5803425435324,2959.105485711068,2946.6317947264274
50km,flickr,817.8574586070208,845.0823987911917,850.435745150854
5km,mene,8898.7486040041,9301.00026445729,8955.64524397616
10km,mene,5467.468083618082,5608.5481007706385,5652.396991907361
25km,mene,1624.8110778603905,1654.3297547494806,1784.9738398670042
50km,mene,491.2195305105511,492.2836748927896,555.4917256929627
